Country Name,Country Code,1990,1991,1992,1993,1994,1995,1996,1997,1998,1999,2000,2001,2002,2003,2004,2005,2006,2007,2008,2009,2010,2011,2012,2013,2014,2015,2016,2017,2018,2019
Aruba,ABW,,,,,,,,,,,,,,,,,,,,,,,,,,,,,,
Africa Eastern and Southern,AFE,165.8325615,164.1610547,162.6952167,161.3792024,161.9839631,156.5805614,153.9986507,151.2609016,147.4108427,142.9923551,138.1802347,132.7441217,127.1356098,121.4355149,115.8288668,110.4719323,105.4571817,100.4112639,95.3811816,90.71112919,86.41638031,82.49150639,78.7877273,75.44268973,72.49238369,69.86918586,67.36392905,65.09105284,62.85718936,60.85591681
Afghanistan,AFG,178.5,172.2,166.3,160.8,155.5,150.6,146,141.6,137.3,133.3,129.3,125.3,121.2,117,112.8,108.6,104.3,100,95.9,91.8,87.8,84,80.3,76.8,73.4,70.2,67.2,64.6,62.2,59.9
Africa Western and Central,AFW,197.8631168,196.2527806,194.7900961,193.2372271,191.3815988,189.0173427,186.2519785,182.6567945,178.6286268,174.0801931,169.2071262,164.1274005,158.8356899,153.4206066,148.1244288,142.8956731,138.0145587,133.5153506,129.3799748,125.5242823,122.0545652,119.0251381,116.2494692,113.6642505,111.4320273,109.1853888,106.8910191,104.6270062,102.0141439,99.5519598
Angola,AGO,223.5,223.5,223.6,223.7,223.3,222.4,220.9,218.2,214.6,210.3,205.1,198.9,191.9,184.2,175.5,166.2,156.8,147.1,137.5,128.5,120,112.2,104.9,98.3,92.9,88.3,84.4,81.1,78,75
Albania,ALB,40.8,39.1,37.6,36.3,35,33.8,32.5,31.2,29.9,28.5,27.2,25.8,24.4,22.9,21.5,20,18.5,17.1,15.8,14.5,13.3,12.2,11.2,10.5,9.9,9.6,9.4,9.3,9.3,9.4
Andorra,AND,13.1,12.4,11.7,11.1,10.5,9.9,9.4,8.9,8.4,8,7.6,7.2,6.9,6.5,6.3,6,5.6,5.4,5.1,4.8,4.6,4.3,4.1,3.9,3.7,3.5,3.4,3.2,3.1,3
Arab World,ARB,82.04066543,79.61902079,76.77673806,74.33651602,72.20318855,70.1672654,68.05276174,66.00173159,63.97077504,62.02634998,59.99941177,57.98771687,56.16427939,54.33391495,52.61523093,50.95796022,49.37039858,47.53304413,45.85336357,44.30384006,42.7782778,41.58257979,41.25852556,40.5784292,39.67262702,38.76194648,38.18307146,36.90506819,36.40498461,35.72550307
United Arab Emirates,ARE,16.5,15.7,14.9,14.2,13.6,13.1,12.6,12.2,11.8,11.5,11.1,10.9,10.6,10.3,10.1,9.8,9.6,9.4,9.2,8.9,8.7,8.4,8.2,8,7.8,7.6,7.4,7.2,7,6.8
Argentina,ARG,28.8,28.3,27.6,26.5,25.4,24.3,23.2,22.2,21.3,20.4,19.7,19,18.3,17.7,17.1,16.6,16.1,15.7,15.4,15,14.5,13.9,13.3,12.7,12.2,11.6,11,10.3,9.5,8.6
Armenia,ARM,48.9,46.9,44.8,42.8,40.9,39,37.2,35.5,33.8,32.2,30.7,29.2,27.8,26.4,25.1,23.9,22.7,21.6,20.5,19.5,18.5,17.6,16.8,15.9,15.1,14.4,13.7,13,12.4,11.8
American Samoa,ASM,,,,,,,,,,,,,,,,,,,,,,,,,,,,,,
Antigua and Barbuda,ATG,14.1,14.4,14.7,15.1,15.5,15.7,16,16.1,16,15.8,15.5,15.1,14.7,14.1,13.5,12.9,12.3,11.7,11.2,10.6,10.1,9.5,9,8.6,8.1,7.7,7.4,7.1,6.8,6.6
Australia,AUS,9.2,8.7,8.2,7.7,7.3,7,6.8,6.6,6.4,6.3,6.2,6.1,6,5.9,5.8,5.7,5.6,5.4,5.2,5,4.8,4.5,4.3,4.1,4,3.9,3.8,3.8,3.8,3.8
Austria,AUT,9.5,9.1,8.6,8,7.4,6.8,6.3,6,5.8,5.6,5.5,5.4,5.3,5.2,5.1,4.9,4.7,4.6,4.5,4.5,4.3,4.2,4,3.9,3.8,3.7,3.6,3.6,3.6,3.6
Azerbaijan,AZE,95.3,95.5,95.9,96,95.5,94.2,91.9,88.7,84.6,79.7,74.6,69.4,64.5,59.8,55.7,52,48.7,45.6,42.7,39.9,37.3,34.8,32.5,30.3,28.3,26.3,24.5,22.9,21.5,20.4
Burundi,BDI,170.3,171.8,172.9,194.2,173.3,172.4,170.5,167.7,163.9,159.4,154.6,149.5,143.9,138.1,131.7,124.7,117.5,110.3,103.5,97,91,85.6,80.5,75.7,71.6,67.9,64.6,61.7,59.1,56.7
Belgium,BEL,10,9.7,9.3,8.8,8.2,7.6,7.1,6.6,6.3,6.1,5.9,5.7,5.5,5.3,5.2,5,4.9,4.8,4.7,4.6,4.5,4.4,4.3,4.2,4.1,4.1,4.1,4.1,4.1,4.1
Benin,BEN,172.7,168.6,164.6,160.7,156.9,153.3,149.9,146.5,143.3,140.1,136.8,133.6,130.5,127.4,124.4,121.6,118.9,116.3,113.8,111.4,109.1,106.9,104.6,102.3,100.1,97.9,95.6,93.4,91.1,88.6
Burkina Faso,BFA,199.1,198.3,198,197.4,196.5,194.8,192.3,189.3,186,182.5,178.7,174.7,170.2,165,159.1,152.8,146,139.3,133.1,127.2,121.9,117.2,112.9,108.7,104.7,101.1,97.7,94.5,91.3,88.2
Bangladesh,BGD,146,139.7,133.4,127.1,120.9,114.7,108.6,102.7,96.9,91.3,86.1,81.1,76.6,72.3,68.3,64.5,61,57.7,54.7,51.8,49.2,46.7,44.4,42.1,40,38,36,34.1,32.2,30.4
Bulgaria,BGR,18.4,18.9,19.2,19.3,19.1,19.1,19.3,19.4,19,18.2,17.4,16.7,16,15.2,14.2,13.3,12.4,11.8,11.4,11.1,10.8,10.4,9.8,9.2,8.7,8.1,7.7,7.3,7,6.7
Bahrain,BHR,23,22.7,22.1,21.1,19.7,18.1,16.6,15.2,14,13.1,12.5,12,11.6,11.3,11,10.6,10.2,9.8,9.3,8.9,8.5,8.1,7.9,7.7,7.5,7.4,7.3,7.3,7.2,7.1
"Bahamas, The",BHS,23.5,22.4,21.4,20.4,19.4,18.5,17.7,17,16.6,16.3,16.3,16.4,16.6,16.8,16.9,16.9,16.8,16.5,16.2,15.8,15.4,15.1,14.7,14.4,14.1,13.9,13.8,13.6,13.5,23.4
Bosnia and Herzegovina,BIH,18.1,16.8,35.5,35,26.1,14,12.2,11.5,10.9,10.3,9.9,9.6,9.3,9.2,9,8.9,8.6,8.3,7.9,7.5,7.2,6.9,6.7,6.5,6.4,6.3,6.2,6.1,6,5.9
Belarus,BLR,15.2,15.2,15.3,15.5,15.7,15.7,15.5,15.1,14.5,13.7,12.8,11.8,10.9,10.1,9.4,8.7,8,7.3,6.6,6.1,5.6,5.2,4.9,4.6,4.3,4.1,3.9,3.6,3.4,3.1
Belize,BLZ,38.4,36.1,34,32.1,30.4,28.9,27.6,26.5,25.4,24.5,23.6,22.9,22.2,21.7,21.3,20.9,20.6,20.3,19.9,19.5,18.9,18.4,17.7,16.9,16.1,15.3,14.5,13.7,13,12.3
Bermuda,BMU,,,,,,,,,,,,,,,,,,,,,,,,,,,,,,
Bolivia,BOL,121.5,116.7,112.1,107.4,102.8,98.3,93.7,89.2,84.6,80,75.6,71.4,67.3,63.5,59.8,56.3,53.1,50,47.1,44.4,41.9,39.5,37.3,35.2,33.3,31.6,30.2,28.9,27.7,26.6
Brazil,BRA,63.2,60.4,57.4,54.3,51.1,48,45,42.2,39.5,37,34.7,32.5,30.4,28.4,26.5,24.8,23.2,21.8,20.6,19.6,18.6,17.9,17.2,16.7,16.3,15.9,16.7,15.4,15.2,14.9
Barbados,BRB,18.1,17.4,16.7,16,15.5,15.2,14.9,14.8,14.8,15,15.2,15.4,15.6,15.7,15.8,15.7,15.6,15.5,15.3,15.1,15,14.9,14.7,14.6,14.4,14.1,13.8,13.4,13,12.7
Brunei Darussalam,BRN,13.3,13.3,13.2,13.1,12.8,12.4,12,11.5,11.1,10.7,10.3,10,9.8,9.7,9.5,9.5,9.5,9.5,9.5,9.6,9.7,9.8,10,10.2,10.4,10.6,10.8,11,11.2,11.4
Bhutan,BTN,126.7,121,115.6,110.3,105.2,100.2,95.3,90.5,85.9,81.4,77.1,72.9,68.8,64.9,61.2,57.6,54.1,50.9,47.8,45,42.4,40.1,38,36.3,34.7,33.2,31.9,30.6,29.6,28.5
Botswana,BWA,45.3,47.3,50.8,55.4,60.4,65.7,65.6,69.4,71.8,73,74,73.2,72.2,73.1,73.7,71.3,68.8,68.6,68.8,65.9,62.6,61.2,55.2,50.3,48.2,45.4,43.5,39.9,39,37.7
Central African Republic,CAF,177.4,176.8,176.2,175.6,175,174.3,173.3,172,170.4,168.4,166.1,163.6,160.7,157.3,153.6,149.7,145.3,141.2,137.5,133.5,129.8,126.4,123.3,121.1,118.6,115.5,112.7,110.9,108.8,105.9
Canada,CAN,8.2,8,7.7,7.4,7.2,6.9,6.7,6.5,6.4,6.3,6.2,6.2,6.2,6.2,6.1,6.1,6,6,5.9,5.8,5.7,5.7,5.6,5.5,5.4,5.4,5.3,5.3,5.2,5.2
Central Europe and the Baltics,CEB,19.31691529,18.68047283,18.15493513,17.59711046,17.03882152,16.35455898,15.53397038,14.76764597,13.92157223,13.07245774,12.29235282,11.67547828,11.26797685,10.91099872,10.46796836,10.02397732,9.333724258,8.683643576,8.208364936,7.778267917,7.339330474,6.960753704,6.629074451,6.33162233,6.052444586,5.809812968,5.548312865,5.317168003,5.055564922,4.873932825
Switzerland,CHE,8.2,7.8,7.5,7.1,6.7,6.4,6.1,6,5.8,5.7,5.6,5.5,5.4,5.3,5.2,5.1,4.9,4.8,4.7,4.6,4.6,4.5,4.4,4.4,4.3,4.3,4.2,4.1,4.1,4
Channel Islands,CHI,,,,,,,,,,,,,,,,,,,,,,,,,,,,,,
Chile,CHL,19.1,17.6,16.2,15,13.9,13.1,12.5,12.2,11.9,11.5,10.9,10.3,9.8,9.5,9.3,9.1,9,8.9,8.9,8.8,8.7,8.5,8.4,8.3,8.1,8,7.8,7.6,7.4,7.1
China,CHN,53.6,53.1,52.1,50.8,49.2,47.4,45.5,43.5,41.4,39.1,36.7,34.1,31.5,28.9,26.3,24,22,20.1,18.5,17.1,15.8,14.6,13.5,12.5,11.6,10.7,9.9,9.2,8.6,8
Cote d'Ivoire,CIV,153.4,153.8,154.1,154.2,153.9,153.3,152.2,150.6,148.5,145.9,142.9,139.8,136.4,133,129.4,125.7,122.1,118.3,114.4,110.2,106.4,103.2,100.1,96.9,93.5,90.5,88,85.6,82.8,79.7
Cameroon,CMR,136.2,137.9,140.2,142.7,145,146.7,147.9,148.5,148.1,146.7,144.4,141.5,138.2,134.6,131.1,127.9,124.6,121.3,117.8,114.5,110.2,105.9,101.5,96.9,92.5,88.1,84.3,80.8,77.7,75.1
"Congo, Dem. Rep.",COD,186.3,184,181.9,179.8,177.8,175.9,173.6,171,167.8,164.2,160.1,155.8,151.2,146.5,141.8,136.9,132.2,127.5,123,118.8,114.6,110.7,106.8,103.3,99.7,96.5,93.4,90.3,87.2,84.4
"Congo, Rep.",COG,91.2,92.9,95.1,98,101.4,104.9,108.5,111.7,113.9,114.7,113.5,110.5,105.8,100,93.4,86.5,80,74.2,69.3,65.4,62.4,60.1,58.2,56.4,54.6,52.8,51,49.3,47.7,52.4
Colombia,COL,35.6,34.4,33.2,32.1,31,29.9,28.8,27.8,26.8,25.9,25.1,24.3,23.6,22.8,22.2,21.5,20.9,20.2,19.6,19,18.4,17.8,17.2,16.7,16.1,15.6,15.1,14.6,14.1,13.7
Comoros,COM,126.5,122.5,118.7,115,111.7,108.7,105.9,103.2,100.8,98.6,96.4,94.3,92.1,89.7,87.2,84.7,82.4,79.9,77.5,75.1,72.7,70.3,68,65.8,63.5,61.2,59,56.9,54.9,53.1
Cabo Verde,CPV,60.4,58.7,57.9,57.7,57.5,56.7,54.6,51.4,47.1,42.5,38.1,34.4,31.6,29.7,28.6,28,27.8,27.8,27.6,27.2,26.5,25.5,24.2,22.8,21.3,19.7,18.3,17,15.9,15
Costa Rica,CRI,16.9,16.2,15.7,15.4,15.1,14.9,14.7,14.5,14.1,13.6,13.1,12.6,12.1,11.8,11.5,11.3,11.2,11.1,10.9,10.7,10.5,10.2,9.9,9.6,9.3,9.1,8.9,8.7,8.4,8.2
Caribbean small states,CSS,34.00675856,32.90211216,31.92091121,31.02788615,30.24156895,29.41917302,28.80717551,28.06814396,27.45848887,26.91608255,26.46527244,25.89726898,25.39836905,24.88280018,24.33380302,23.86558433,23.44997614,23.09738293,22.56351551,22.06819563,21.72238455,21.19259208,20.65789295,20.24003967,19.72367815,19.20269726,18.77878531,18.33732902,17.87810331,17.97186982
Cuba,CUB,13.6,12.9,12.3,11.8,11.3,10.8,10.4,9.9,9.5,9.2,8.8,8.5,8.2,7.9,7.6,7.4,7.2,6.9,6.7,6.5,6.4,6.2,6,5.9,5.8,5.7,5.5,5.4,5.3,5.2
Curacao,CUW,,,,,,,,,,,,,,,,,,,,,,,,,,,,,,
Cayman Islands,CYM,,,,,,,,,,,,,,,,,,,,,,,,,,,,,,
Cyprus,CYP,11.3,11.1,10.7,10.2,9.6,9,8.5,8,7.5,7,6.5,6.1,5.7,5.3,5,4.6,4.3,4,3.8,3.6,3.5,3.3,3.1,3,2.9,2.8,2.7,2.7,2.8,2.8
Czechia,CZE,12.1,11.6,11,10.3,9.4,8.5,7.7,7,6.3,5.8,5.5,5.2,5,4.8,4.6,4.4,4.1,3.9,3.7,3.5,3.4,3.3,3.2,3.2,3.1,3.2,3.2,3.2,3.1,3
Germany,DEU,8.5,8,7.6,7.2,6.8,6.5,6.2,5.9,5.7,5.5,5.4,5.2,5.1,5,4.9,4.7,4.6,4.5,4.4,4.3,4.2,4.1,4,4,4,3.9,3.9,3.9,3.8,3.7
Djibouti,DJI,117.8,115.6,113.7,112.1,110.7,109.3,107.9,106.3,104.7,102.7,100.6,98.4,95.9,93.4,91,88.5,86.1,83.7,81.2,78.9,76.5,74.3,72.2,69.9,67.8,65.6,63.8,61.9,59.9,57.9
Dominica,DMA,16.4,16.1,16,15.9,15.8,15.8,15.9,16.1,16.3,16.6,16.9,17.3,17.8,18.4,19,19.7,20.5,21.4,22.4,23.4,24.6,25.8,27.2,28.5,29.9,31.2,32.5,33.6,34.5,35.2
Denmark,DNK,8.9,8.4,7.9,7.4,6.9,6.5,6.3,6,5.9,5.7,5.6,5.5,5.4,5.2,5,4.8,4.6,4.5,4.3,4.2,4.1,4.1,4.1,4.1,4.1,4.1,4,4,3.9,3.8
Dominican Republic,DOM,59.6,57.2,54.8,52.4,50.2,48,46,44.2,42.6,41.2,40,39.1,38.2,37.5,36.9,36.5,36.1,35.8,35.5,35.4,35.2,35.2,35.1,35.1,35.1,35.1,35.1,35.1,34.8,34.3
Algeria,DZA,51.9,51.3,50.8,50.2,49.4,48.5,47.3,46,44.7,43.2,41.7,40.1,38.5,36.9,35.3,33.8,32.3,31,29.8,28.7,27.8,27.1,26.5,26.1,25.7,25.3,24.9,24.5,24,23.5
East Asia & Pacific (excluding high income),EAP,59.1424916,58.72502938,57.38420634,55.83471984,54.10953697,52.27147899,50.39473652,48.44402597,46.38310911,44.20563864,41.76415522,39.56143399,37.23117016,34.92734478,33.62036455,30.6067251,28.81304608,27.12440974,26.49189859,24.12494064,22.89015057,21.74822152,20.3477289,19.54064865,18.50139331,17.88703816,16.84876666,16.04123772,16.0533643,15.63004525
Early-demographic dividend,EAR,109.8848263,106.5976913,103.6211342,100.6472885,98.43847173,94.66310998,91.70042889,88.8054257,85.7623342,82.50162177,79.362378,76.25198654,73.27453568,70.29174044,67.81862498,64.55591878,61.75225824,59.04288245,56.80497733,53.82122359,51.52328711,48.95885734,46.80793621,44.711174,42.60984717,40.76748181,39.06105999,37.36777211,35.8620963,34.50645107
East Asia & Pacific,EAS,56.6,55.4,54.2,52.7,50.9,49.2,47.4,45.5,43.5,41.5,39.3,37.2,35.1,32.9,31.8,29,27.3,25.7,25.2,22.9,21.7,20.6,19.4,18.6,17.6,17,16.1,15.4,15.2,14.9
Europe & Central Asia (excluding high income),ECA,47.96744045,47.79151386,47.95133565,47.93370691,47.18738518,46.25914856,44.73150414,42.99434208,41.00356626,38.87153791,36.34505322,33.87705806,31.35443156,28.97861917,27.01814615,25.30982951,23.60507368,22.03893671,20.5738932,19.30671273,18.23351602,17.2791934,16.29701688,15.48816111,14.6711919,13.90571377,13.18494942,12.67783316,12.2418863,11.8824832
Europe & Central Asia,ECS,31,30.4,30,29.5,28.9,28.1,26.9,25.6,24.2,22.8,21.3,20.1,18.8,17.6,16.5,15.5,14.6,13.8,13,12.4,11.8,11.3,10.8,10.4,10,9.5,9.1,8.7,8.4,8.2
Ecuador,ECU,54.1,51.4,48.8,46.1,43.5,40.8,38.2,35.7,33.4,31.4,29.6,28.1,26.7,25.5,24.5,23.5,22.6,21.7,20.8,19.9,19,18.1,17.3,16.6,16,15.4,14.8,14.4,13.9,13.4
"Egypt, Arab Rep.",EGY,85.7,81.5,77.4,73.2,68.9,64.6,60.5,56.6,53,49.7,46.7,44,41.6,39.5,37.6,35.9,34.3,32.8,31.4,30.1,28.8,27.6,26.4,25.3,24.3,23.4,22.6,21.8,21,20.3
Euro area,EMU,9.637314335,9.265300711,8.809044598,8.344264694,7.818357525,7.344373283,6.921355742,6.559407158,6.272992142,6.050160267,5.848383102,5.634954039,5.428449869,5.214200761,5.047312366,4.845017234,4.677050191,4.548264693,4.43077209,4.324384659,4.189188892,4.10640251,4.00722573,3.962654778,3.918123131,3.881607103,3.851320951,3.834539862,3.789601076,3.719507724
Eritrea,ERI,153.1,146.1,138.5,130.5,122.5,114.7,107.5,101,95.2,90.1,85.5,81.3,77.5,73.9,70.6,67.6,64.7,62,59.6,57.4,55.2,53.3,51.5,49.8,48.1,46.4,44.9,43.4,41.9,40.6
Spain,ESP,9.2,8.8,8.3,7.9,7.4,6.9,6.5,6.1,5.8,5.6,5.4,5.3,5.1,5,4.9,4.7,4.5,4.4,4.2,4,3.8,3.7,3.6,3.5,3.4,3.3,3.3,3.2,3.2,3.2
Estonia,EST,17.7,17.5,17.3,17,16.4,15.7,14.8,13.9,12.9,11.9,11,10.1,9.3,8.5,7.8,7.1,6.5,6,5.5,5,4.6,4.2,3.9,3.6,3.4,3.1,2.9,2.7,2.5,2.3
Ethiopia,ETH,200.8,195.9,190.6,184.6,178.1,171.4,164.9,158.5,152.4,146.5,140.5,134.4,128.1,121.7,115.3,108.9,102.8,97.1,91.7,86.7,82.1,77.7,73.6,69.6,65.9,62.4,59,56,53.2,50.9
European Union,EUU,12.1422927,11.61080361,11.05108155,10.53410579,9.990400998,9.376127777,8.8175664,8.329960573,7.896622853,7.506581607,7.173006499,6.87073041,6.618058956,6.374491712,6.156730937,5.932980862,5.655119968,5.422755067,5.245893071,5.07775243,4.861520088,4.695389823,4.551427583,4.445586514,4.358328056,4.280779883,4.200784369,4.148324367,4.04891191,3.949594491
Fragile and conflict affected situations,FCS,164.7035915,163.0901036,161.4992999,160.0079385,157.6280772,155.7295923,153.0411732,149.7324797,146.1483684,142.582913,138.6742469,134.5112109,130.1880308,125.7805947,121.415183,117.2619512,113.1014296,109.1501826,106.4902776,102.0407823,99.48029695,96.217065,93.9546772,91.66468499,89.56431324,87.47315177,85.64254633,83.51999877,81.50176111,79.49043171
Finland,FIN,6.7,6.4,6.1,5.8,5.5,5.2,4.9,4.7,4.6,4.4,4.3,4.2,4.1,4,3.9,3.7,3.6,3.5,3.3,3.2,3,2.9,2.8,2.7,2.6,2.5,2.4,2.4,2.3,2.3
Fiji,FJI,29.1,28,27,26,25.2,24.5,23.9,23.4,23,22.8,22.6,22.5,22.5,22.7,23,23.3,23.6,23.8,23.8,23.8,23.7,23.7,23.6,23.8,24.1,24.5,25,25.6,26.3,26.9
France,FRA,9,8.6,8.1,7.6,7,6.5,6.1,5.8,5.6,5.5,5.4,5.3,5.1,4.9,4.8,4.6,4.5,4.4,4.4,4.3,4.2,4.2,4.1,4.1,4.1,4.2,4.2,4.3,4.3,4.3
Faroe Islands,FRO,,,,,,,,,,,,,,,,,,,,,,,,,,,,,,
"Micronesia, Fed. Sts.",FSM,49.2,47.9,46.9,45.9,45,44.1,43.1,41.9,40.7,39.5,38.5,37.5,41.4,36.3,36.1,36,36,35.9,35.6,35.1,34.5,33.7,33,32,31.1,30.2,29.2,28.2,27.3,26.4
Gabon,GAB,92.4,91.2,90.3,89.4,89,88.6,88.2,87.7,86.9,85.9,84.5,82.8,80.8,78.8,76.6,74.3,72.1,69.6,67.1,64.6,61.8,59.3,56.8,54.2,52.2,50.4,48.4,46.6,44.9,43.2
United Kingdom,GBR,9.3,8.7,8.2,7.7,7.4,7.2,7,6.9,6.8,6.7,6.5,6.4,6.3,6.2,6.1,6,5.9,5.8,5.6,5.4,5.2,5,4.8,4.6,4.5,4.5,4.4,4.4,4.4,4.3
Georgia,GEO,47.9,47.5,47.2,46.7,46.1,45.2,44.1,42.7,41.1,39.1,36.8,34.3,31.7,28.9,26.2,23.7,21.3,19.1,17.2,15.5,14.1,13,12.1,11.4,10.9,10.5,10.2,10,9.8,9.7
Ghana,GHA,127.7,123.4,120.1,117.8,116.1,114.6,112.7,110.5,107.5,104,100.1,96,92.2,88.9,86.1,83.5,81.2,78.7,76.1,73,69.8,66.5,63.4,60.5,57.8,55.4,53.1,51,49.1,47.2
Gibraltar,GIB,,,,,,,,,,,,,,,,,,,,,,,,,,,,,,
Guinea,GIN,232.7,226.9,220.5,213.9,207,200,193,186.1,179.3,172.4,165.6,159,152.9,147,141.8,137.2,133.3,129.8,126.9,124.3,121.9,119.8,117.7,115.7,114.5,112.6,110.1,108.3,106.2,104
"Gambia, The",GMB,166.5,160.8,155.3,149.7,144.1,138.8,133.5,128.3,123.3,118.4,113.7,109.1,104.5,100.2,95.9,91.8,87.8,84.1,80.6,77.2,74,70.8,68,65.2,62.6,60.1,57.7,55.5,53.4,51.5
Guinea-Bissau,GNB,222.8,218.5,214.1,209.6,205,200.1,195,190,185,179.7,174.5,169.1,163.4,157.6,151.5,145.2,138.9,132.6,126.3,120.1,114.4,109,103.9,99.4,95.5,91.8,88.6,85.5,82.4,79.5
Equatorial Guinea,GNQ,178.5,177.1,175.7,174.4,173,171.3,169.1,166.5,163.3,159.5,155.5,151.3,147,142.4,138,133.5,128.8,124.1,119.6,115.3,111.3,107.5,103.6,100.2,96.8,93.7,90.6,87.6,84.7,81.9
Greece,GRC,10.4,9.8,9.4,9.1,8.8,8.5,8.1,7.7,7.3,6.9,6.4,6,5.6,5.2,4.9,4.6,4.3,4.1,4,3.9,3.9,3.9,4,4.2,4.3,4.4,4.4,4.3,4.2,4
Grenada,GRD,22.3,21.1,20,19,18.1,17.4,16.7,16.2,15.9,15.6,15.4,15.3,15.2,15.2,15.1,15.1,15.1,15.1,15.2,15.3,15.4,15.6,15.7,15.9,16.1,16.2,16.3,16.4,16.5,16.5
Greenland,GRL,,,,,,,,,,,,,,,,,,,,,,,,,,,,,,
Guatemala,GTM,80.4,76.9,73.5,70.3,67.2,64.3,61.6,59,56.6,54.3,52.1,50.1,48.1,46.2,44.4,42.7,41,39.4,37.8,36.3,34.8,33.4,32.1,30.8,29.5,28.4,27.3,26.3,25.4,24.6
Guam,GUM,,,,,,,,,,,,,,,,,,,,,,,,,,,,,,
Guyana,GUY,60.9,59.3,57.7,56.1,54.6,53.1,51.7,50.4,49.1,47.9,46.6,45.4,44.3,43.3,42.3,41.4,40.5,39.7,38.8,38.1,37.4,36.6,35.9,35,34.1,33.1,32.2,31.3,30.3,29.4
High income,HIC,12.9,12.2,11.6,11.1,10.6,10.1,9.6,9.2,8.8,8.5,8.2,7.9,7.7,7.5,7.3,7.1,6.9,6.7,6.5,6.3,6.1,6,5.8,5.7,5.6,5.5,5.4,5.3,5.2,5.1
"Hong Kong SAR, China",HKG,,,,,,,,,,,,,,,,,,,,,,,,,,,,,,
Honduras,HND,58.3,55.6,53.1,50.8,48.6,46.5,44.6,42.7,64.2,39.2,37.5,35.8,34.2,32.8,31.4,30,28.8,27.7,26.6,25.6,24.7,23.8,22.9,22.1,21.3,20.5,19.8,19.1,18.4,17.8
Heavily indebted poor countries (HIPC),HPC,181.561746,178.6571031,175.944928,173.3595726,172.3504217,166.4179795,162.8902183,159.1044243,155.0783885,149.9534015,144.6928195,139.1201175,133.3662199,127.6040262,121.9960632,116.6438813,111.6524053,106.9057624,102.5059501,98.31575897,95.0321817,90.89984684,87.49555711,84.20836036,81.23412017,78.48787482,75.74892602,73.39167823,71.06839255,68.92449804
Croatia,HRV,12.9,14,11.5,10.9,10.4,10,9.6,9.3,8.9,8.6,8.3,8,7.7,7.3,7,6.7,6.4,6.1,5.9,5.7,5.5,5.3,5.2,5.1,5,4.9,4.9,4.8,4.8,4.7
Haiti,HTI,144.9,140.8,136.6,132.4,128.2,123.9,119.7,115.5,111.5,107.5,103.9,100.5,97.3,94.4,91.9,89.5,87.3,85.2,83.3,81.4,130.1,77.6,75.8,73.9,72,70.1,68.2,66.3,64.4,62.5
Hungary,HUN,17.2,16.8,15.8,14.5,13.3,12.5,11.9,11.5,11.1,10.7,10.1,9.6,9,8.4,7.9,7.6,7.2,6.8,6.5,6.2,6,5.9,5.7,5.6,5.4,5.1,4.7,4.5,4.2,4.1
IBRD only,IBD,77.78113813,77.33892554,75.81740951,73.97564973,72.01568595,70.01254648,67.92289153,65.77708414,63.54035104,61.19609675,58.57595198,56.39590011,53.90964753,51.42527594,49.21167151,46.37903882,43.94785519,41.54408427,39.20933405,37.05176808,35.04727023,33.16875308,31.03033124,29.59414484,27.78166531,26.66923193,25.29733068,24.01882776,23.48982017,22.57829199
IDA & IBRD total,IBT,101.1196498,101.3462778,100.2312426,98.84523954,97.48715914,95.33717281,93.42367907,91.27623431,88.9311253,86.3636021,83.22510611,80.57746988,77.66488167,74.72255795,71.9098944,68.74263575,65.93698608,63.15527988,60.65617912,58.00478881,55.94045533,53.81296525,51.47118725,49.94317808,48.0984731,46.92310419,45.32553397,43.96596631,43.46836206,42.59397979
IDA total,IDA,160.7011642,158.2867187,156.0004585,153.8769848,152.2446439,148.3003264,145.2818636,141.8188218,138.132779,133.89945,129.5122354,124.8370903,120.1919198,115.6772038,111.4056452,107.1401435,103.2096469,99.40127655,96.4946123,92.77716666,90.10047278,87.17572785,84.76848169,82.29646196,80.07533835,77.92729664,75.74882353,73.65558831,71.51225417,69.49964841
IDA blend,IDB,153.4103662,152.6623614,151.9180815,151.3323121,150.1838149,148.6498572,146.534404,143.8948233,140.8352313,137.6221108,134.2127001,130.4881309,126.8243728,123.3698364,119.9142455,116.5585721,113.2894894,110.0839164,107.0452879,104.3332806,101.8945544,99.73441624,97.54327783,95.3564572,93.42144296,91.54763583,89.69087467,87.74903585,85.34745193,83.25018045
Indonesia,IDN,84,80.2,76.6,73,69.5,66.3,63.1,60.2,57.4,54.7,52.2,49.9,47.6,45.5,49.6,41.7,39.9,38.3,36.7,35.3,33.9,32.5,31.2,30,28.8,27.7,26.6,25.6,24.6,23.8
IDA only,IDX,164.3364118,161.1161732,158.0639952,155.1512969,153.2768954,148.1259291,144.6561078,140.785804,136.784242,132.0327479,127.146792,121.9666934,116.8042291,111.7613997,107.0734572,102.3330534,98.05450322,93.87287612,90.97234936,86.68340743,83.84497193,80.4878321,77.96657327,75.37297504,73.04213903,70.80927728,68.49082004,66.35031337,64.3750277,62.45591099
Isle of Man,IMN,,,,,,,,,,,,,,,,,,,,,,,,,,,,,,
India,IND,126.5,122.9,119.5,116.2,112.8,109.4,106,102.5,98.9,95.3,91.6,88,84.5,81.1,77.7,74.4,71.1,67.8,64.5,61.3,58.1,55,52,49.1,46.2,43.6,41,38.7,36.4,34.3
Not classified,INX,,,,,,,,,,,,,,,,,,,,,,,,,,,,,,
Ireland,IRL,9.1,8.6,8.1,7.7,7.4,7.3,7.3,7.3,7.3,7.3,7.1,6.9,6.5,6,5.6,5.2,4.9,4.6,4.4,4.3,4.2,4.1,4,3.9,3.8,3.7,3.6,3.5,3.4,3.3
"Iran, Islamic Rep.",IRN,57.3,54.5,51.9,49.7,47.7,45.7,43.8,41.9,40,38.1,36.1,34.1,32,30,28.1,26.3,24.7,23.1,21.7,20.4,19.3,18.4,17.5,16.8,16.1,15.5,15,14.5,14,13.5
Iraq,IRQ,54,52.9,51.9,51,50,49.1,48.2,47.2,46.3,45.4,44.4,43.5,42.7,41.8,40.9,40,39,38.1,37,36,34.9,33.8,32.8,31.7,30.8,29.8,28.8,27.9,27,26.2
Iceland,ISL,6.4,6.2,6,5.8,5.5,5.3,5.1,4.8,4.5,4.3,4,3.8,3.6,3.4,3.2,3.1,3,2.9,2.8,2.7,2.7,2.6,2.6,2.6,2.6,2.6,2.7,2.7,2.7,2.7
Israel,ISR,11.6,11.1,10.5,9.9,9.2,8.6,8.2,7.8,7.4,7.2,6.9,6.6,6.4,6.1,5.8,5.6,5.3,5.1,4.9,4.7,4.6,4.4,4.3,4.1,4,3.9,3.8,3.8,3.7,3.5
Italy,ITA,9.7,9.3,8.9,8.5,8,7.5,7,6.6,6.2,5.9,5.6,5.3,5.1,4.8,4.6,4.5,4.3,4.2,4.1,4.1,4,3.9,3.8,3.7,3.6,3.5,3.4,3.3,3.2,3
Jamaica,JAM,28,27.2,26.5,25.7,25,24.2,23.5,22.8,22.2,21.5,20.9,20.4,20,19.6,19.2,18.9,18.7,18.4,18.1,17.7,17.3,16.8,16.3,15.9,15.4,15,14.6,14.1,13.7,13.2
Jordan,JOR,36,34.8,33.7,32.6,31.7,30.8,30,29.1,28.4,27.6,26.8,26.1,25.4,24.6,23.9,23.2,22.6,21.9,21.3,20.7,20.1,19.6,19,18.5,18,17.5,17,16.5,16,15.5
Japan,JPN,6.3,6.2,6.1,6,5.9,5.7,5.5,5.2,5,4.7,4.5,4.3,4.1,4,3.9,3.7,3.6,3.5,3.4,3.3,3.2,3.2,3,2.9,2.8,2.8,2.7,2.6,2.5,2.5
Kazakhstan,KAZ,51.7,51.5,51.8,52.3,52.9,52.7,51.7,50,47.8,45.3,42.6,40,37.5,35.2,33.2,31.1,29,26.9,24.7,22.5,20.4,18.3,16.3,14.6,13,11.9,11,10.5,10.3,10.2
Kenya,KEN,102,104.9,107.6,109.7,110.8,110.9,110,108.4,105.9,102.7,98.8,94.5,89.9,85.3,80.8,76,71.6,67.6,62.7,58.7,56.1,53.9,52.2,50.1,48.1,45.9,43.8,42.4,40.8,39.4
Kyrgyz Republic,KGZ,64.6,64.4,64.8,65,64.5,63.2,61,58.2,55.4,52.6,49.9,47.3,45,42.9,41,39.3,37.6,35.8,33.8,31.7,29.6,27.7,26.1,24.7,23.4,22.3,21.1,20,19,18.3
Cambodia,KHM,116.3,116.2,116.5,117.3,118.4,119.5,120.1,119.5,117.6,113.3,106.3,96.9,86.9,78.2,70.8,64.8,59.8,55.3,51.4,47.5,43.9,40.6,37.8,35.3,33.4,31.7,30.3,28.9,27.8,26.8
Kiribati,KIR,91.6,88,84.7,81.8,79.2,77,75,73.1,71.4,69.6,67.9,66.4,65.3,64.6,64.3,64.5,64.8,65.2,65.4,65.1,64.5,63.3,62.1,60.7,59.1,57.5,56.1,54.4,52.9,51.4
St. Kitts and Nevis,KNA,30.4,29.7,29.2,28.8,28.4,27.9,27.3,26.7,25.8,24.9,23.8,22.7,21.6,20.7,19.8,19.1,18.5,18.1,17.8,17.6,17.5,17.4,17.4,17.3,17.2,16.9,16.6,16.3,15.9,15.4
"Korea, Rep.",KOR,15.6,14.4,13.3,12.2,11.3,10.5,9.7,9.1,8.5,8,7.5,7.1,6.8,6.4,6,5.6,5.2,4.8,4.5,4.3,4.1,4,3.8,3.7,3.6,3.5,3.4,3.3,3.2,3.1
Kuwait,KWT,18,15.4,14.8,14.5,14.4,14.3,14.1,13.8,13.5,13.1,12.8,12.5,12.3,12.2,12,11.8,11.6,11.4,11.2,11,10.7,10.3,10,9.6,9.3,9.1,9,8.9,8.8,8.8
Latin America & Caribbean (excluding high income),LAC,57.59946932,55.09672337,52.56179937,50.02273006,47.47449034,45.05034737,42.70821473,40.44738461,38.8932494,36.29257761,34.49955624,32.75955824,31.13765374,29.63742213,28.2445431,26.96553819,25.80992952,24.71657224,23.71247582,22.80953188,23.36301469,21.15722757,20.42772886,19.76620567,19.1904182,18.60905317,18.4944781,17.67936536,17.2022425,16.72137658
Lao PDR,LAO,154.1,148.9,143.8,138.6,133.7,128.9,124.3,119.9,115.6,111.4,107.3,103.1,99,94.9,90.8,86.8,82.9,79,75.3,71.7,68.3,65,62,59,56.2,53.7,51.5,49.4,47.5,45.8
Lebanon,LBN,32.2,30.7,29.3,28,26.7,25.5,24.4,23.3,22.2,21.2,20.1,19,17.9,16.8,15.8,14.8,13.9,13.1,12.4,11.8,11.2,10.8,10.3,10,9.7,9.4,9.2,9,8.8,8.7
Liberia,LBR,263.6,265.7,265,261.5,255.4,247.2,237.4,226.3,214.5,202,189.2,176.1,163.3,151,139.7,129.6,121,114,108.2,103.6,99.9,96.8,94.2,92,92.2,88.3,86.3,84.5,82.6,80.6
Libya,LBY,41.8,39.7,37.7,36,34.5,33.1,31.9,30.8,29.8,29,28.1,27.3,26.5,25.5,24.4,23.1,21.7,20.2,18.8,17.6,16.6,19.5,15,14.4,13.8,13.3,12.8,12.3,11.9,11.5
St. Lucia,LCA,21.9,21.3,20.8,20.3,19.9,19.6,19.2,19,18.7,18.5,18.4,18.3,18.3,18.3,18.4,18.5,18.6,18.9,19.1,19.4,19.7,20.1,20.5,21,21.4,21.9,22.5,23,23.6,24.1
Latin America & Caribbean,LCN,54.9,52.5,50.1,47.8,45.4,43.1,40.9,38.8,37.4,34.9,33.2,31.6,30,28.6,27.3,26.1,24.9,23.9,23,22.1,22.7,20.6,20,19.4,18.8,18.4,18.5,17.8,17.3,16.8
Least developed countries: UN classification,LDC,175.5057498,172.086649,168.7862779,165.543752,163.4861191,157.8897321,154.1438492,149.952947,145.4710153,140.6586522,135.4989559,130.0782088,124.5687639,119.1211823,113.8671236,108.9412434,104.2715682,99.7681421,96.66131271,91.75952101,88.71717215,84.96391098,81.80643285,78.73258813,76.05599125,73.64353845,71.10954889,68.9640846,66.86510038,64.87208567
Low income,LIC,185.4,182.3,179.4,176.6,176,169,164.9,160.8,156.4,151.4,146,140.2,134.3,128.5,122.7,117.2,112.2,107.2,102.6,98.4,94.8,91.5,88.7,85.9,83.4,80.8,78.2,75.7,73.6,71.4
Liechtenstein,LIE,,,,,,,,,,,,,,,,,,,,,,,,,,,,,,
Sri Lanka,LKA,22.8,22.5,22,21.4,20.7,19.9,19.2,18.5,17.8,17.1,16.5,16,15.6,15.1,28.9,14.1,13.4,12.6,12,20.9,11.2,10.8,10.4,9.9,9.3,8.8,8.3,7.9,7.6,7.3
Lower middle income,LMC,119.9,117.1,114.5,112.1,109.8,107.5,104.9,102.1,99.2,96,92.8,89.5,86.3,83.1,80.5,77,74.2,71.3,69,66,63.7,61.2,58.9,56.7,54.7,52.8,51.1,49.5,47.9,46.5
Low & middle income,LMY,101.9282823,102.2012923,101.0859148,99.70164205,98.35578415,96.17597629,94.26360195,92.09298288,89.71213978,87.09951495,83.91281121,81.21907133,78.2570678,75.27914268,72.44064667,69.260099,66.44322243,63.64616121,61.13608959,58.45789786,56.37064051,54.20032381,51.82801395,50.27346748,48.41404075,47.21719689,45.58476649,44.21590675,43.70877587,42.81680031
Lesotho,LSO,84.5,83.8,84.1,85.7,88.6,92.2,95.9,99.2,102.3,105,107.5,109.6,111.6,113.4,115,116.5,116.8,113.7,111.3,101.6,93,89.4,86.9,85.1,84,82.5,77.8,75.5,76.4,77.2
Late-demographic dividend,LTE,50.51267809,49.31114202,48.08594833,46.73234819,45.12505316,43.45609347,41.60277844,39.70818099,37.7483641,35.67874657,33.59140799,31.25512639,29.05129901,26.91008961,25.06852008,23.07991111,21.45802795,19.92356976,18.58891384,17.53476301,16.34792503,15.40048092,14.45521015,13.67653935,12.89700327,12.21810273,11.58594575,10.90992156,10.6009357,10.18308737
Lithuania,LTU,15,16.7,18,18,16.8,15.1,13.5,12.3,11.6,11.2,10.7,10.3,9.9,9.6,9.3,9,8.6,8,7.4,6.7,6,5.5,5.2,5.1,5,4.9,4.7,4.4,4.1,3.8
Luxembourg,LUX,8.8,8.3,7.8,7.3,6.8,6.3,5.9,5.5,5.2,4.8,4.5,4.3,4,3.8,3.5,3.4,3.2,3.1,3,2.9,2.8,2.8,2.8,2.8,2.8,2.8,2.8,2.8,2.8,2.8
Latvia,LVA,16.9,18.3,19.5,20,20,19.7,19,18,16.6,15.3,14.2,13.4,12.6,11.9,11.1,10.5,9.9,9.3,8.8,8.3,7.8,7.2,6.6,6.1,5.5,5.1,4.7,4.4,4.2,4
"Macao SAR, China",MAC,,,,,,,,,,,,,,,,,,,,,,,,,,,,,,
St. Martin (French part),MAF,,,,,,,,,,,,,,,,,,,,,,,,,,,,,,
Morocco,MAR,80.8,77.3,74.1,70.9,67.9,65,62.2,59.5,57,54.6,52.4,50.2,48,45.9,43.7,41.5,39.3,37.2,35.1,33.1,31.3,29.5,27.9,26.4,24.9,23.6,22.4,21.3,20.4,19.5
Monaco,MCO,7.8,7.4,7.1,6.8,6.5,6.2,6,5.8,5.5,5.3,5.2,5,4.8,4.7,4.6,4.5,4.4,4.3,4.2,4.1,4,3.9,3.8,3.7,3.6,3.5,3.4,3.3,3.2,3.1
Moldova,MDA,33.4,33.7,34.7,36.2,37.6,38.6,38.8,38.2,36.7,34.3,31.5,28.4,25.6,23.1,21.2,19.8,18.8,18.2,17.7,17.3,17.1,16.8,16.6,16.3,16,15.8,15.5,15.3,15,14.7
Madagascar,MDG,156,150.7,145.7,140.9,136.1,131.1,126,120.8,115.4,110.2,105.3,100.6,96.3,92.2,88.3,84.7,81.3,78.2,75.4,72.9,70.9,69.2,68,67,66.4,66,65.8,65.7,65.8,66.1
Maldives,MDV,85.7,80.9,76.2,71.6,66.9,62.2,57.6,53,48.2,43.6,39.1,34.7,30.7,27.2,26.9,21.5,19.3,17.6,16.1,14.9,13.9,12.9,12.1,11.3,10.5,9.8,9,8.3,7.6,7
Middle East & North Africa,MEA,66.2,63.6,61.2,58.9,56.7,54.5,52.1,49.9,47.8,45.7,43.6,41.5,39.6,37.8,36.1,34.5,32.9,31.3,29.8,28.6,27.6,26.9,27.2,26.8,26.1,25.2,24.5,23.3,23.1,22.7
Mexico,MEX,45.4,43.3,41.3,39.4,37.5,35.8,34.1,32.5,31,29.6,28.3,27,25.9,24.8,23.8,22.9,22.1,21.3,20.5,19.8,19.2,18.5,17.9,17.3,16.8,16.2,15.7,15.2,14.7,14.2
Marshall Islands,MHL,47.5,45.7,44.1,42.8,41.8,41.2,41.1,41.2,41.6,41.9,42.1,42.1,42,41.8,41.4,41.1,40.7,40.3,39.9,39.6,39.1,38.7,38,37.3,36.4,35.5,34.6,33.6,32.7,31.8
Middle income,MIC,92.45742517,92.50453504,91.24738405,89.65072974,87.94052432,86.04402547,84.07848884,81.92932291,79.67219427,77.18924986,74.27307738,71.86190235,69.16243266,66.44276123,63.94255282,60.98164939,58.40297525,55.89249594,53.71013958,51.19094472,49.26805066,47.23447791,44.94410419,43.49468696,41.68954089,40.59144442,39.09027738,37.81984909,37.36609863,36.51680338
North Macedonia,MKD,36.9,34.6,33,31.5,28.5,24.5,21.1,19.2,18.3,17.4,16,14.8,14.3,14.4,14.3,13.7,13,12.3,11.7,11,10.4,10,10.1,10.6,11.2,11.4,10.9,9.6,8.1,6.8
Mali,MLI,231.4,226.9,222.9,219.2,215.6,212,208.2,203.8,199,193.5,187.7,181.5,175.3,169.2,163.3,157.8,152.5,147.6,142.9,138.4,134.1,130,126.1,122.5,119,115.6,112.4,109.3,106.2,103.1
Malta,MLT,11.4,11,10.6,10.2,9.8,9.4,9,8.6,8.2,7.9,7.6,7.4,7.2,7,7,6.9,6.9,6.8,6.8,6.8,6.8,6.8,6.8,6.7,6.7,6.6,6.5,6.4,6.3,6.1
Myanmar,MMR,115.3,112.7,110.1,107.4,104.7,102,99.3,96.7,94.1,91.7,89.3,86.9,84.5,82,79.5,76.9,74.3,71.6,98.7,66.1,63.4,60.8,58.2,55.9,53.8,51.8,49.9,48.1,46.4,44.8
Middle East & North Africa (excluding high income),MNA,69.53356514,66.89930094,64.57487396,62.28295018,60.17998654,58.03989431,55.69571637,53.53769893,51.30041794,49.08764398,46.8391131,44.57846273,42.51798129,40.62538222,38.76187391,36.99329516,35.32503125,33.60274586,32.04450443,30.81432969,29.72739625,28.99912786,29.24892672,28.85170648,28.01722587,27.13319623,26.45299351,25.27913807,25.04458941,24.73334992
Montenegro,MNE,16.5,15.8,15.4,15.2,15.1,15.1,15.1,15,14.9,14.6,14.2,13.6,12.9,12.2,11.4,10.5,9.7,8.9,8.1,7.4,6.7,6.1,5.5,5,4.5,4.1,3.7,3.3,3,2.7
Mongolia,MNG,107.4,102.9,98.7,94.7,90.9,86.9,82.7,78.2,73.5,68.6,63.6,58.6,53.8,49.2,44.9,41,37.4,34.1,31.2,28.6,26.3,24.4,22.8,21.5,20.4,19.4,18.5,17.6,16.8,16
Northern Mariana Islands,MNP,,,,,,,,,,,,,,,,,,,,,,,,,,,,,,
Mozambique,MOZ,245.7,242.1,238.4,233.7,227.8,220.4,211.8,201.9,191.3,180.8,170.7,161.3,153,145.4,138.6,132.3,126.5,119.3,113.2,107.5,104.8,100.6,96.4,92.1,88.3,84,80.8,78.4,76.3,73.5
Mauritania,MRT,117.2,115.5,114.3,113.4,112.5,111.6,110.3,108.6,106.1,102.9,98.8,94,88.7,83.1,77.7,72.5,68,64.2,61.2,58.6,56.7,54.9,53.4,51.9,50.5,48.9,47.4,46,44.6,43.2
Mauritius,MUS,23.1,21.8,21.2,21.1,21.6,22.3,22.7,22.6,21.7,20.4,18.8,17.5,16.6,16,15.8,15.6,15.5,15.2,14.8,14.6,14.6,14.8,14.9,14.9,14.8,14.6,14.6,14.9,15.4,15.9
Malawi,MWI,244.9,237.9,230,222.2,215.7,210,205,199.9,193.8,185.4,174.2,160.4,145.7,131.8,119.7,110.4,103.9,99.1,93.4,88.1,83,76.9,70.5,64.5,59.8,56.6,53.5,50.7,47.8,45.6
Malaysia,MYS,16.6,15.8,15.1,14.4,13.8,13.3,12.9,12.4,11.7,11,10.2,9.5,8.9,8.5,8.3,8.2,8.1,8.1,8.1,8.1,8.1,8.1,8.1,8.1,8.1,8.2,8.2,8.1,8,7.9
North America,NAC,10.9,10.6,10.2,9.9,9.6,9.2,9,8.7,8.6,8.4,8.3,8.2,8.1,8,7.9,7.8,7.7,7.6,7.5,7.3,7.2,7.1,7,6.8,6.8,6.7,6.6,6.5,6.4,6.3
Namibia,NAM,72.8,71,69.9,69.6,70.2,71.7,73.9,75.9,77.2,77.5,77,76,74.8,74,73.8,70.3,65.3,61,55.4,52.1,49.4,49.2,50.3,48.1,45.5,46.2,45.5,44.4,43.6,41.9
New Caledonia,NCL,,,,,,,,,,,,,,,,,,,,,,,,,,,,,,
Niger,NER,331.6,325,316.6,306.4,294.4,281.3,268.6,257.4,247.2,237.9,228.5,218.3,206.9,195,183.1,171.8,161.6,152.8,145.1,138.6,133.3,129.1,126,123.4,121.6,120.2,119.1,118.4,117.7,117
Nigeria,NGA,209.3,208.8,208.1,207.2,205.7,203.7,201,197.2,192.8,187.7,182.4,177,171.4,165.8,160.4,155.1,150.2,145.8,141.9,138.5,135.7,133.4,131.4,129.6,128,126.4,124.7,122.4,119.6,116.8
Nicaragua,NIC,66.9,63.8,60.6,57.5,54.5,51.5,48.7,46,50.5,41,38.8,36.9,35,33.3,31.8,30.3,28.9,27.6,26.4,25.2,24.1,23,21.9,20.8,19.8,18.8,17.8,16.8,15.8,14.9
Netherlands,NLD,8.3,8,7.7,7.4,7.1,6.9,6.7,6.5,6.4,6.3,6.2,6.1,5.9,5.7,5.5,5.3,5.1,4.9,4.7,4.6,4.4,4.3,4.2,4.1,4.1,4.1,4,4,4,4
Norway,NOR,8.7,7.9,7.2,6.6,6.1,5.7,5.4,5.3,5.1,5,4.9,4.7,4.6,4.4,4.2,4.1,3.9,3.7,3.6,3.4,3.3,3.1,3,2.9,2.8,2.7,2.6,2.5,2.4,2.4
Nepal,NPL,138.6,131.5,124.6,118,111.7,105.7,99.9,94.4,89.1,84,79.1,74.6,70.3,66.4,62.7,59.4,56.3,53.4,50.7,48.2,45.9,43.6,41.5,39.4,37.4,35.5,33.7,32.1,30.6,29.3
Nauru,NRU,67.2,64,60.8,57.8,55,52.4,50,47.9,45.9,44.1,42.6,41.4,40.3,39.4,38.8,38.4,38.3,38.2,38.3,38.1,37.6,36.9,36,35.1,34.2,33.3,32.4,31.4,30.5,29.6
New Zealand,NZL,11.2,10.6,10,9.5,9.1,8.7,8.4,8.1,7.8,7.6,7.4,7.2,7,6.9,6.7,6.6,6.5,6.5,6.4,6.3,6.2,6.1,6,5.8,5.7,5.5,5.3,5.2,5,4.9
OECD members,OED,21.83531375,20.94128672,19.96972066,19.17223804,18.30755984,17.49471734,16.64491475,15.79670015,15.05195278,14.34716936,13.59885144,13.11855677,12.47969925,11.89411223,11.43520967,10.99612924,10.5255236,10.05629947,9.65030705,9.34233715,8.991258283,8.735188023,8.457065987,8.2339184,7.984648551,7.744702919,7.509047005,7.331863988,7.123453761,6.915801411
Oman,OMN,39,35.3,32,29,26.4,24.1,22.2,20.4,18.9,17.5,16.3,15.3,14.5,13.7,13.2,12.7,12.4,12.2,12,11.9,11.7,11.6,11.5,11.4,11.3,11.2,11.1,11,10.8,10.6
Other small states,OSS,95.87271433,94.67117398,93.49425383,93.30937153,93.55455802,94.0366792,93.60184102,93.48615357,92.85491349,91.41515705,89.8931535,88.56128716,86.77515437,85.07242306,83.22870449,80.9095652,77.83777803,74.9845452,72.03284466,68.37783352,64.852422,62.35683961,59.92370902,57.72541477,55.67583074,53.8334007,51.70707235,49.89807627,48.48199505,47.12052124
Pakistan,PAK,139.8,137.1,134.1,131.1,127.9,124.6,121.2,117.8,114.4,111.1,108.1,105.3,102.8,100.5,98.5,96.5,94.6,92.9,91,89.2,87.2,85.1,83,80.7,78.4,76.2,73.9,71.8,69.6,67.5
Panama,PAN,31.4,30.6,29.9,29.3,28.8,28.3,27.9,27.5,27,26.6,26,25.4,24.8,24.2,23.5,22.9,22.3,21.7,21.1,20.5,19.8,19.2,18.6,18,17.5,16.9,16.4,15.9,15.4,14.8
Peru,PER,80.2,75.9,71.5,67,62.4,57.9,53.4,49.1,45.1,41.4,38.1,35.1,32.5,30.2,28.2,26.5,24.9,23.4,22.1,20.9,19.9,19,18.3,17.6,17.1,16.5,16.1,15.7,15.3,14.9
Philippines,PHL,56.6,53.3,50.4,47.9,45.7,43.7,42.1,40.7,39.5,38.5,37.7,37,36.3,35.6,34.9,34.2,33.6,33.1,32.6,32.2,31.8,31.4,31,30.6,30.2,29.8,29.3,28.7,28,27.3
Palau,PLW,35.3,34.7,34.1,33.4,32.7,31.9,31.2,30.4,29.7,29,28.5,27.9,27.4,26.9,26.4,25.9,25.4,24.9,24.3,23.7,23.1,22.4,21.8,21.1,20.4,19.7,19.1,18.5,17.9,17.4
Papua New Guinea,PNG,84.9,83.3,81.8,80.3,78.8,77.4,76.1,74.8,73.6,72.3,71.1,70,68.7,67.6,66.3,65,63.6,62.3,60.9,59.4,58,56.6,55.2,53.8,52.5,51.1,49.7,48.3,46.9,45.5
Poland,POL,17.4,16.9,16.4,16,15.4,14.5,13.2,12,10.9,10,9.3,8.8,8.4,8.1,7.8,7.6,7.3,7,6.7,6.3,6,5.7,5.4,5.2,5,4.9,4.8,4.7,4.5,4.4
Pre-demographic dividend,PRE,184.4967616,182.7363042,180.9347923,179.118534,176.3232583,173.6597253,170.6806275,167.0838834,162.9929458,158.4881181,153.5420463,148.2694164,142.8021291,137.1749049,131.6432806,126.3854334,121.3631176,116.7565824,112.4559237,108.2798097,104.5970932,101.2832812,98.19502632,95.21113138,92.58905175,90.18592068,87.81678043,85.56708807,83.19897809,80.9553712
Puerto Rico,PRI,,,,,,,,,,,,,,,,,,,,,,,,,,,,,,
"Korea, Dem. People's Rep.",PRK,43.4,48.6,54.8,61.3,67.7,72.8,75.7,75.7,72.9,67.4,60,52.1,44.7,38.9,35,33,32.4,32.2,31.8,31,29.5,27.7,25.7,24,22.4,21.1,20,19,18.2,17.3
Portugal,PRT,14.7,13.6,12.5,11.4,10.5,9.7,9.1,8.6,8.2,7.7,7.2,6.6,6.1,5.5,5,4.6,4.4,4.2,4,3.9,3.8,3.7,3.7,3.7,3.6,3.7,3.7,3.6,3.6,3.4
Paraguay,PRY,45.6,43.9,42.3,40.9,39.6,38.4,37.3,36.4,35.5,34.6,33.8,33.1,32.3,31.5,30.7,29.9,29.2,28.4,27.6,26.8,26,25.2,24.4,23.6,22.9,22.2,21.4,20.8,20,19.4
West Bank and Gaza,PSE,44.9,42.9,41,39.3,37.7,36.3,34.9,33.6,32.5,31.4,30.4,29.4,28.6,27.7,26.9,26.1,25.2,24.4,23.6,22.8,22.1,21.3,20.6,19.8,21.3,18.4,17.7,17.1,16.5,15.9
Pacific island small states,PSS,36.46469776,35.30102258,34.22228311,33.19325537,32.33297995,31.55004317,30.89723804,30.3034682,29.76115311,29.26374093,28.81614964,28.38515335,28.30993521,27.86075235,27.81571239,27.85000976,27.86214675,27.8437217,27.73531588,28.097369,27.24893091,26.93878455,26.53551652,26.15049213,25.80925444,25.48662336,25.18837434,24.88147144,24.5904703,24.25303129
Post-demographic dividend,PST,10.78251598,10.41954412,10.0907802,9.638194204,9.187798755,8.74452859,8.376754105,8.033495625,7.800130613,7.536152843,7.28433589,7.100677561,6.928203754,6.775777077,6.653091284,6.489902258,6.347042064,6.17294082,6.027660491,5.884659121,5.674683734,5.567112399,5.427190432,5.326237499,5.231113243,5.153996063,5.059962866,4.991760935,4.909000063,4.83153315
French Polynesia,PYF,,,,,,,,,,,,,,,,,,,,,,,,,,,,,,
Qatar,QAT,20.8,19.4,18.2,17.1,16.1,15.3,14.6,14,13.5,13,12.5,12,11.6,11.2,10.8,10.4,10.1,9.8,9.6,9.4,9.2,8.9,8.7,8.4,8.1,7.8,7.4,6.9,6.5,6.1
Romania,ROU,31.1,29.7,28.7,28,27.5,27.1,26.7,25.9,24.5,22.8,21.5,20.6,20.2,19.8,19.3,18.3,16.7,15.1,13.9,13.1,12.4,11.8,11.2,10.6,9.9,9.2,8.5,7.9,7.4,7
Russian Federation,RUS,21.6,21.5,21.7,21.9,22.1,22,21.7,21.3,20.8,20.2,19.4,18.4,17.3,16.1,15,13.9,12.8,12,11.3,10.7,10.4,10.2,9.9,9.5,8.9,8.2,7.5,6.9,6.3,5.8
Rwanda,RWA,149.9,159.4,173.2,189.5,340.6,221.1,224.1,220.7,213,201,185.4,167.6,149.6,133.2,118.3,105.2,93.9,84.5,76.3,69.6,63.8,58.6,55.2,52.2,49.8,47.7,46.1,44.6,43.4,42.1
South Asia,SAS,130.2,126.4,122.6,119.1,115.6,111.9,108.3,104.6,100.9,97.1,93.4,89.8,86.4,83.1,80,76.8,73.8,70.9,68,65.2,62.3,59.6,56.9,54.3,51.7,49.2,46.8,44.6,42.5,40.6
Saudi Arabia,SAU,44.3,41,38,35.3,32.8,30.5,28.5,26.6,24.9,23.4,22.1,20.8,19.6,18.5,17.5,16.5,15.5,14.6,13.8,13,12.3,11.5,10.9,10.2,9.6,9.1,8.6,8.1,7.7,7.3
Sudan,SDN,132,129.8,127.4,125,122.5,119.8,117.1,114.1,111,107.8,104.4,101,97.7,94.4,91.2,88.2,85.5,82.8,80.3,78,75.9,73.8,71.9,69.9,68,66,64.1,62.1,60.3,58.4
Senegal,SEN,138.6,136.6,136,136.4,137.4,138.4,139.2,139,137.6,134.5,129.7,123,115.2,107,99.1,91.7,85.1,79.4,74.5,70.2,66.4,62.9,59.8,56.7,53.8,51,48.4,45.9,43.7,41.8
Singapore,SGP,7.7,6.9,6.3,5.7,5.3,5,4.8,4.6,4.4,4.2,3.9,3.6,3.4,3.2,3,2.9,2.9,2.9,2.8,2.8,2.8,2.8,2.8,2.8,2.7,2.7,2.7,2.6,2.5,2.4
Solomon Islands,SLB,38.2,37.2,36.2,35.2,34.3,33.5,32.8,32.2,31.7,31.2,30.8,30.4,30.1,29.8,29.5,29.2,28.8,28.3,27.8,27.1,26.4,25.6,24.9,24.1,23.5,22.8,22.1,21.4,20.7,20
Sierra Leone,SLE,260.5,258.6,256.5,254.4,251.7,248.5,244.7,240.5,235.8,230.9,225.9,220.4,214.8,209,202.8,196.5,189.7,182.8,175.7,168.5,161.4,154.5,148,141.9,140,141,126.1,121.4,116.8,112.5
El Salvador,SLV,60,56.7,53.7,50.7,47.7,44.9,42.2,39.7,37.3,35.1,33.1,31.3,29.6,28,26.4,25,23.7,22.5,21.4,20.3,19.3,18.4,17.5,16.7,16,15.4,14.8,14.3,13.8,13.3
San Marino,SMR,13.9,12.6,11.5,10.4,9.5,8.7,7.9,7.2,6.6,6.1,5.6,5.2,4.8,4.4,4.1,3.9,3.6,3.4,3.2,3,2.9,2.7,2.6,2.4,2.3,2.2,2.1,2,1.9,1.9
Somalia,SOM,180.4,176.6,174.1,173.1,172.9,172.9,172.9,172.9,172.9,172.9,172.9,172.9,172.9,172.9,172.9,172.8,172.3,170.2,166.6,162.2,157.5,152.7,148.1,143.4,138.9,134.5,130.3,126.1,122.5,118.6
Serbia,SRB,28.3,26.2,24.5,23,21.4,19.5,17.4,15.6,14.2,13.3,12.6,12,11.3,10.5,9.7,9,8.5,8.2,7.9,7.8,7.6,7.4,7.1,6.8,6.6,6.3,6.1,5.9,5.8,5.7
Sub-Saharan Africa (excluding high income),SSA,178.7483755,177.1089048,175.7102148,174.351359,173.9874481,169.792776,167.1590763,164.1262216,160.2719132,155.8814086,151.1252793,145.8667268,140.4352361,134.8961866,129.4223884,124.1531441,119.1970252,114.3896547,109.735725,105.4715399,101.5716537,98.07047467,94.80641196,91.77532467,89.11082284,86.63976737,84.21565078,81.90456073,79.4745562,77.24166265
South Sudan,SSD,251.2,246.4,241.3,235.4,229,222.1,215,207.4,199,190.4,181.6,172.7,164,155.5,147.5,140.1,133.2,126.7,120.4,114.7,109.1,104.5,101,99.2,98.7,98.7,98.7,98.7,98.7,98.7
Sub-Saharan Africa,SSF,178.9,177.4,175.8,174.5,174.3,170.1,167.2,164.1,160.3,155.9,151.1,145.9,140.5,134.9,129.5,124.2,119.3,114.4,109.8,105.5,101.6,98.1,94.8,91.8,89.2,86.7,84.3,82,79.6,77.3
Small states,SST,79.5651513,78.49417186,77.46588181,77.06827554,77.16846299,77.30704568,77.15649804,76.97649027,76.56508885,75.71787586,74.89771029,73.87343189,72.61175866,71.33874932,69.94365855,68.24790769,65.93026851,63.98227508,61.69260364,58.91809607,56.2381168,54.27217354,52.3206174,50.58937803,48.92974824,47.39143306,45.71975061,44.27605147,43.12149777,42.01132996
Sao Tome and Principe,STP,108.8,109.4,109.5,108.9,107.3,104.9,101.6,97.5,93,87.9,82.4,76.9,71.3,65.9,60.7,55.8,51.2,47,43.1,39.5,36.3,33.3,30.5,27.8,25.4,23.3,21.4,19.7,18.3,17.1
Suriname,SUR,45.1,43.5,42.1,40.6,39.1,37.6,36.3,34.9,33.6,32.4,31.3,30.3,29.3,28.4,27.5,26.7,25.9,25.2,24.5,23.9,23.3,22.7,22.1,21.6,21,20.5,19.9,19.4,18.8,18.3
Slovak Republic,SVK,14.7,14.1,13.6,13,12.5,11.9,11.5,11,10.5,10.1,9.8,9.4,9.1,8.8,8.5,8.2,7.9,7.7,7.4,7.2,7,6.8,6.7,6.5,6.4,6.2,6.1,6,5.9,5.8
Slovenia,SVN,10.4,9.7,9,8.4,7.9,7.4,6.9,6.5,6.1,5.8,5.5,5.2,4.9,4.7,4.4,4.2,4,3.8,3.6,3.4,3.2,3.1,2.9,2.8,2.7,2.6,2.5,2.4,2.4,2.3
Sweden,SWE,7,6.6,6.2,5.7,5.2,4.8,4.5,4.3,4.2,4.1,4.1,4,4,3.9,3.7,3.6,3.5,3.3,3.2,3.1,3.1,3,3,2.9,2.9,2.9,2.8,2.8,2.7,2.6
Eswatini,SWZ,68.3,67.5,68.6,71.5,76.6,83.5,90.7,97.3,103.3,108.1,112.3,115.3,117,118.4,118.9,118.9,109.5,105.1,103.7,98.2,88.3,76.5,70.4,67.9,67.9,64.4,61.8,63.2,59.6,56.9
Sint Maarten (Dutch part),SXM,,,,,,,,,,,,,,,,,,,,,,,,,,,,,,
Seychelles,SYC,16.3,15.8,15.3,14.9,14.6,14.4,14.2,14,13.9,13.9,13.9,13.9,13.9,13.9,13.9,14,14,14.1,14.1,14.2,14.3,14.3,14.4,14.4,14.5,14.5,14.6,14.6,14.5,14.4
Syrian Arab Republic,SYR,36.7,35.3,33.8,32.3,30.8,29.3,27.8,26.5,25.2,24.1,23,22.1,21.3,20.7,20.1,19.7,19.3,19.1,18.9,18.9,18.9,20.2,37.1,45.4,47.3,41.8,39.8,23.9,23.8,22.6
Turks and Caicos Islands,TCA,14.2,13.5,12.8,12.1,11.5,11,10.5,10,9.5,9.1,8.7,8.3,8,7.6,7.3,7,6.8,6.6,6.4,6.2,6,5.8,5.7,5.6,5.4,5.3,5.2,5,4.9,4.8
Chad,TCD,212,209.2,206.4,203.7,201.2,198.8,196.4,193.6,190.8,187.6,184.3,181,177.7,174.3,170.9,167.5,163.9,160.1,156.3,152.3,148.4,144.5,140.6,136.9,133.3,129.5,125.8,121.9,118,114.3
East Asia & Pacific (IDA & IBRD countries),TEA,59.30896792,58.85226521,57.41888663,55.75818322,53.91276789,51.96688561,50.01426433,48.03842118,45.98592939,43.86123838,41.50807519,39.38369674,37.12984839,34.8755692,33.6027465,30.57725783,28.77013158,27.06542111,26.43102513,24.04799934,22.82105372,21.68558475,20.29288573,19.49231925,18.45865931,17.8497629,16.81294582,16.00751794,16.0261646,15.60807834
Europe & Central Asia (IDA & IBRD countries),TEC,44.84740636,44.580304,44.65314268,44.5728858,43.82847084,43.04562398,41.56448746,39.88982194,38.0442923,36.04140942,33.69389099,31.50377429,29.27549241,27.14780802,25.37282979,23.77048186,22.17754792,20.71239878,19.32064067,18.1503242,17.162594,16.33154184,15.43323395,14.70952859,13.93337627,13.21924873,12.51295134,11.97602256,11.55372768,11.21261331
Togo,TGO,147.5,145.5,143.5,141.3,139,136.4,133.6,130.4,127,123.5,120,116.5,113,109.6,106.4,103.2,100.3,97.4,94.6,91.9,89.1,86.4,83.7,81.1,78.5,75.9,73.5,71.2,68.8,66.6
Thailand,THA,37.1,35.1,33.2,31.5,29.9,28.4,26.9,25.6,24.3,23.1,21.9,20.9,19.9,18.9,18,17.2,16.4,15.6,14.9,14.2,13.6,13,12.4,11.8,11.3,10.8,10.3,9.9,9.4,9
Tajikistan,TJK,102.5,105.4,109.8,113.4,114.1,112.2,108.1,102.7,96.6,90.1,83.7,77.3,71.3,65.6,60.4,55.9,52.1,49,46.5,44.5,42.9,41.6,40.4,39.4,38.4,37.4,36.5,35.5,34.5,33.5
Turkmenistan,TKM,79.4,78.5,78.5,78.9,79.6,79.9,79.5,78.3,76.2,73.3,69.8,66.1,62.3,58.6,55.2,52.2,49.6,47.4,45.6,44.2,43.2,42.6,42.2,42.1,42.2,42.4,42.8,43.2,43.2,42.8
Latin America & the Caribbean (IDA & IBRD countries),TLA,55.59221362,53.13168138,50.68777025,48.2637453,45.84690259,43.57015634,41.33375939,39.21531082,37.71698093,35.24879135,33.51352045,31.83995368,30.28890671,28.85868915,27.51235186,26.27375774,25.14527364,24.10014122,23.15925522,22.32324744,22.81852288,20.796155,20.11518413,19.51421426,18.99382228,18.5161143,18.68886649,17.93266252,17.47010209,16.9778999
Timor-Leste,TLS,175.5,167.9,160.7,153.7,146.9,140.4,134.1,128.1,122.3,116.7,111.3,106.1,101.1,96.4,91.8,87.6,83.7,80.1,76.8,74,71.4,69.2,67.2,65.3,63.5,61.6,59.7,57.7,55.8,53.9
Middle East & North Africa (IDA & IBRD countries),TMN,69.8496367,67.21885118,64.9017755,62.61476026,60.52047351,58.38358639,56.03708758,53.87260748,51.62347751,49.39479078,47.12594351,44.84321221,42.76036947,40.8460801,38.96290674,37.17543896,35.49107586,33.74931595,32.178164,30.94100204,29.84807807,29.11906874,29.38124621,28.98893263,28.12007629,27.27120452,26.5945169,25.41119179,25.18385209,24.88070214
Tonga,TON,22.2,21.4,20.6,20,19.4,18.9,18.5,18.1,17.8,17.4,17,16.5,16,15.6,15.1,14.8,14.4,14,13.7,13.4,13.2,12.9,12.8,12.6,12.5,12.4,12.2,12.1,11.9,11.7
South Asia (IDA & IBRD),TSA,130.1923048,126.3171189,122.6328731,119.149173,115.5702825,111.9346024,108.3071816,104.6137319,100.8690409,97.14452248,93.40296642,89.77232336,86.36634699,83.12218255,80.06486192,76.84085842,73.82255428,70.91382986,67.93092993,65.22482549,62.36003434,59.61815998,56.98297121,54.32549688,51.73130023,49.2584571,46.78792907,44.69003543,42.5054818,40.58936974
Sub-Saharan Africa (IDA & IBRD countries),TSS,178.7370967,177.0973942,175.6995384,174.3405795,173.9767213,169.7833454,167.1500103,164.1180259,160.26419,155.8739915,151.1181034,145.86021,140.4289302,134.8901941,129.4168097,124.1475508,119.1920001,114.3846974,109.7309243,105.4669473,101.5676547,98.06640184,94.80248295,91.77179254,89.10748632,86.63650705,84.21243714,81.90147097,79.47167178,77.23896901
Trinidad and Tobago,TTO,30.3,29.8,29.4,29.1,28.8,28.6,28.4,28.4,28.3,28.2,28.1,27.9,27.7,27.3,26.8,26.2,25.6,24.9,24.2,23.5,22.9,22.2,21.5,20.8,20.2,19.6,19,18.5,17.9,17.4
Tunisia,TUN,55.4,53,50.6,48.1,45.5,42.8,40,37.3,34.7,32.2,30,28,26.2,24.7,23.3,22.1,21,20.2,19.4,18.9,18.4,18,17.7,17.5,17.3,17.2,17.1,17.1,17,16.9
Turkiye,TUR,74.2,69.8,65.5,61.4,57.5,53.8,50.3,46.9,43.7,40.7,37.9,35.2,32.7,30.3,28.1,26.1,24.2,22.5,20.9,19.5,18.1,16.9,15.8,14.7,13.8,13,12.2,11.4,10.7,10.1
Tuvalu,TUV,52.8,52.2,51.5,50.7,49.7,48.6,47.4,46,44.6,43.3,42.2,41.2,40.3,39.6,38.7,37.8,36.6,35.4,34,32.7,31.3,30.1,29,28,27.1,26.1,25.3,24.3,23.6,22.7
Tanzania,TZA,166.9,164.9,163.3,161.6,159.5,156.9,153.8,149.6,144.1,137.3,129.9,121.9,114,106.7,100,94,88.9,83.9,79.6,75.3,71.7,68.2,65.2,62.5,59.8,58,55.8,53.9,51.9,50.4
Uganda,UGA,182.9,178.8,174.6,170.8,167.6,165.3,163.1,160.4,156.7,151.9,146.1,139.3,131.6,123.5,115.2,107.2,99.8,93.1,87,81.7,76.4,71.6,66.7,62.5,59.1,56,52.7,50.2,47.7,45.6
Ukraine,UKR,19.2,19.2,19.3,19.6,19.9,20.1,20.2,20,19.6,19,18.2,17.5,16.6,15.9,15.1,14.5,13.9,13.4,12.9,12.3,11.7,11.2,10.6,10.2,9.8,9.4,9.2,8.9,8.7,8.5
Upper middle income,UMC,52.2,51,49.6,48.1,46.4,44.6,42.8,40.9,39.1,37.2,35.3,33.3,31.3,29.4,27.6,26,24.5,22.9,21.4,20,18.7,17.6,16.5,15.7,14.8,14.2,13.5,12.8,12.6,12.2
Uruguay,URY,22.9,22.3,21.8,21.4,21,20.6,20,19.2,18.4,17.6,17,16.6,16.2,15.8,15.2,14.4,13.6,12.7,11.9,11.3,10.8,10.4,10,9.7,9.3,8.9,8.4,7.9,7.3,6.8
United States,USA,11.2,10.9,10.5,10.1,9.8,9.5,9.2,8.9,8.8,8.6,8.4,8.3,8.2,8.1,8.1,8,7.9,7.7,7.6,7.5,7.3,7.2,7.1,7,6.9,6.8,6.7,6.6,6.5,6.4
Uzbekistan,UZB,70.3,70.1,70.2,70.2,69.9,69.4,68.6,67.4,65.7,63.4,60.5,57.1,53.5,49.9,46.2,42.7,39.4,36.2,33.2,30.5,28,25.8,23.8,22.1,20.5,19.2,18,17,16.2,15.4
St. Vincent and the Grenadines,VCT,23.9,23.2,22.7,22.4,22.3,22.3,22.4,22.4,22.4,22.4,22.3,22.1,22,21.8,21.7,21.5,21.4,21.1,20.8,20.4,19.8,19.3,18.6,18,17.4,16.8,16.2,15.7,15.2,14.6
"Venezuela, RB",VEN,29.6,28.6,27.8,27.2,26.8,26.3,25.5,24.5,23.4,22.4,21.5,20.9,20.3,19.8,19.1,18.5,17.9,17.5,17.2,17.1,17.1,17.2,17.3,17.6,18,19.1,24.2,24.2,24.2,24.2
British Virgin Islands,VGB,19.1,18.5,18,17.5,17.1,16.8,16.5,16.3,16.1,15.9,15.7,15.6,15.6,15.5,15.5,15.4,15.3,15.3,15,14.8,14.5,14.2,13.8,13.4,13.1,12.7,12.3,11.9,11.5,11.2
Virgin Islands (U.S.),VIR,,,,,,,,,,,,,,,,,,,,,,,,,,,,,,
Viet Nam,VNM,51.7,49.1,46.6,44,41.6,39.2,37,35,33.1,31.5,30,28.7,27.6,26.7,25.8,25.1,24.5,24.1,23.7,23.3,23,22.8,22.6,22.3,22.1,21.9,21.7,21.5,21.3,21.1
Vanuatu,VUT,36,34.5,33.3,32.2,31.4,30.7,30.2,29.8,29.4,29.1,28.8,28.6,28.4,28.3,28.2,28.2,28.3,28.4,28.5,28.6,28.6,28.7,28.6,28.3,27.8,27.3,26.7,26,25.3,24.7
World,WLD,93,92.1,91.5,90.3,89.2,87.3,85.5,83.5,81.4,79,76.3,73.8,71.2,68.5,66,63.1,60.5,58,55.7,53.3,51.4,49.5,47.6,46,44.4,43.2,41.9,40.6,40,39.3
Samoa,WSM,29.8,28.9,28,27.1,26.2,25.3,24.5,23.7,22.8,22,21.3,20.6,20.1,19.7,19.4,19.3,19.3,19.3,19.4,25.7,19.4,19.3,19.1,19,18.8,18.6,18.4,18.2,17.9,17.5
Kosovo,XKX,104.6,97.7,91.3,85.2,79.4,73.8,68.3,63.1,58.1,53.3,48.8,44.5,40.6,37,33.8,30.8,28.2,25.8,23.8,21.9,20.2,18.8,17.5,16.3,15.3,14.4,13.5,12.6,11.9,11.2
"Yemen, Rep.",YEM,126.4,122.8,119.6,116.8,114.4,112.1,109.8,107,103.6,99.5,95.1,90.5,85.9,81.4,77.2,73.1,69.3,65.7,62.6,60.2,58.9,58.7,58.9,58.5,58.8,60.8,60.5,60.3,61.7,61.6
South Africa,ZAF,62.2,60.9,60.1,59.9,60.4,61.3,62.6,64.5,66.6,68.6,71,73.3,75.2,76.5,77.8,79.2,78.9,74.6,68.3,59.9,51.6,45.5,41.5,39.6,38.3,37.3,36.6,35.8,35.1,34.3
Zambia,ZMB,182.3,182.9,182.7,181.2,178.2,174.8,171.6,168.6,165.4,161.6,155.7,147,136.5,126,115.8,106.7,98.9,93.3,88.5,83.3,78.7,76.5,74.5,72,69.5,68.2,65.3,64.2,64.2,62.6
Zimbabwe,ZWE,79.6,83.5,87.6,91.7,95.5,98.7,100.4,100.8,100,98.2,96.2,94.5,93.4,92.6,92.9,93.7,95.6,96.2,94.7,91.3,86.1,80.6,72.1,66.2,62.6,60.5,57.9,56.2,53.7,52.7
